Replicate.Name,Compound.Name,Retention.Time,Area,Height,Background,Molecule.List,Precursor.Ion.Name,Sal,RT.min,RT.max,RT.Reference,all.Flags,RT.Flag,height.min.Flag,overloaded.Flag,area.Flag,SN.Flag
240108_Std_4uMStdsMix1InH2O_1,(3-Carboxypropyl)trimethylammonium,10.24,3196733696,267834528,30035724,S,Std,NA,10.24,10.27,10.254999999999999,NA,NA,NA,NA,NA,NA
240108_Std_4uMStdsMix1InH2O_2,(3-Carboxypropyl)trimethylammonium,10.25,4449897984,347975904,51829220,S,Std,NA,10.24,10.27,10.254999999999999,NA,NA,NA,NA,NA,NA
240108_Std_4uMStdsMix1InSynMatrix_1,(3-Carboxypropyl)trimethylammonium,10.27,3771670016,294339584,47222272,S,Std,NA,10.24,10.27,10.254999999999999,NA,NA,NA,NA,NA,NA
240108_Std_4uMStdsMix1InSynMatrix_2,(3-Carboxypropyl)trimethylammonium,10.26,3958096896,305260768,28302174,S,Std,NA,10.24,10.27,10.254999999999999,NA,NA,NA,NA,NA,NA
240108_Std_4uMStdsMix2InH2O_1,(R)-2-(Methylamino)pentanedioic acid,10.54,1146881792,93365648,9719441,S,Std,NA,10.28,10.54,10.4325,NA,NA,NA,NA,NA,NA
240108_Std_4uMStdsMix2InH2O_2,(R)-2-(Methylamino)pentanedioic acid,10.28,2285247744,205344080,32131696,S,Std,NA,10.28,10.54,10.4325,NA,NA,NA,NA,NA,NA
240108_Std_4uMStdsMix2InSynMatrix_1,(R)-2-(Methylamino)pentanedioic acid,10.49,583391616,59937244,9324396,S,Std,NA,10.28,10.54,10.4325,NA,NA,NA,NA,NA,NA
240108_Std_4uMStdsMix2InSynMatrix_2,(R)-2-(Methylamino)pentanedioic acid,10.42,758554688,75735864,15122022,S,Std,NA,10.28,10.54,10.4325,NA,NA,NA,NA,NA,NA
240108_Std_4uMStdsMix2InH2O_1,"2,3-Pyridinedicarboxylic acid",12.29,273727360,11857917,0,S,Std,NA,12.29,12.72,12.5075,NA,NA,NA,NA,NA,NA
240108_Std_4uMStdsMix2InH2O_2,"2,3-Pyridinedicarboxylic acid",12.5,318519040,10564937,0,S,Std,NA,12.29,12.72,12.5075,NA,NA,NA,NA,NA,NA
240108_Std_4uMStdsMix2InSynMatrix_1,"2,3-Pyridinedicarboxylic acid",12.52,276328544,8771980,0,S,Std,NA,12.29,12.72,12.5075,NA,NA,NA,NA,NA,NA
240108_Std_4uMStdsMix2InSynMatrix_2,"2,3-Pyridinedicarboxylic acid",12.72,379326112,14363610,3714357,S,Std,NA,12.29,12.72,12.5075,NA,NA,NA,NA,NA,NA
240108_Std_4uMStdsMix1InH2O_1,2-Heptyl-3-hydroxy-quinolone,1.64,262402032,11863274,0,S,Std,NA,1.64,1.65,1.645,NA,NA,NA,NA,NA,NA
240108_Std_4uMStdsMix1InH2O_2,2-Heptyl-3-hydroxy-quinolone,1.65,231337328,10395654,1888214,S,Std,NA,1.64,1.65,1.645,NA,NA,NA,NA,NA,NA
240108_Std_4uMStdsMix1InSynMatrix_1,2-Heptyl-3-hydroxy-quinolone,1.65,887005568,37516012,13859430,S,Std,NA,1.64,1.65,1.645,NA,NA,NA,NA,NA,NA
240108_Std_4uMStdsMix1InSynMatrix_2,2-Heptyl-3-hydroxy-quinolone,1.64,536899072,22207040,5622939,S,Std,NA,1.64,1.65,1.645,NA,NA,NA,NA,NA,NA
240108_Std_4uMStdsMix2InH2O_1,2-O-alpha-D-Glucosylglycerol,10.31,7422168,657059,0,S,Std,NA,9.89,10.31,10.1,NA,NA,NA,NA,NA,NA
240108_Std_4uMStdsMix2InH2O_2,2-O-alpha-D-Glucosylglycerol,10.28,10601727,962364,0,S,Std,NA,9.89,10.31,10.1,NA,NA,NA,NA,NA,NA
240108_Std_4uMStdsMix2InSynMatrix_1,2-O-alpha-D-Glucosylglycerol,9.89,160473568,11252561,0,S,Std,NA,9.89,10.31,10.1,NA,NA,NA,NA,NA,NA
240108_Std_4uMStdsMix2InSynMatrix_2,2-O-alpha-D-Glucosylglycerol,9.92,162572288,11091118,0,S,Std,NA,9.89,10.31,10.1,NA,NA,NA,NA,NA,NA
240108_Std_4uMStdsMix2InH2O_1,4-Aminobutyric acid,12.11,613788224,48674168,128902784,S,Std,NA,12,12.11,12.0475,NA,NA,NA,NA,NA,NA
240108_Std_4uMStdsMix2InH2O_2,4-Aminobutyric acid,12.04,853299136,63812184,137388640,S,Std,NA,12,12.11,12.0475,NA,NA,NA,NA,NA,NA
240108_Std_4uMStdsMix2InSynMatrix_1,4-Aminobutyric acid,12.04,1101794560,90233904,133114688,S,Std,NA,12,12.11,12.0475,NA,NA,NA,NA,NA,NA
240108_Std_4uMStdsMix2InSynMatrix_2,4-Aminobutyric acid,12,1221666944,101065984,201114944,S,Std,NA,12,12.11,12.0475,NA,NA,NA,NA,NA,NA
240108_Std_4uMStdsMix2InH2O_1,5-Hydroxyectoine,11.44,211027920,17207694,5838578,S,Std,NA,11.44,11.48,11.4525,NA,NA,NA,NA,NA,NA
240108_Std_4uMStdsMix2InH2O_2,5-Hydroxyectoine,11.44,321621440,26462934,9706706,S,Std,NA,11.44,11.48,11.4525,NA,NA,NA,NA,NA,NA
240108_Std_4uMStdsMix2InSynMatrix_1,5-Hydroxyectoine,11.45,297130912,25328064,10967053,S,Std,NA,11.44,11.48,11.4525,NA,NA,NA,NA,NA,NA
240108_Std_4uMStdsMix2InSynMatrix_2,5-Hydroxyectoine,11.48,344380288,29506188,13108526,S,Std,NA,11.44,11.48,11.4525,NA,NA,NA,NA,NA,NA
240108_Std_4uMStdsMix2InH2O_1,5-Methylcytosine,6.19,4406282752,181366304,67555864,S,Std,NA,6.19,6.44,6.32,NA,NA,NA,NA,NA,NA
240108_Std_4uMStdsMix2InH2O_2,5-Methylcytosine,6.22,8618733568,360473536,93301536,S,Std,NA,6.19,6.44,6.32,NA,NA,NA,NA,NA,NA
240108_Std_4uMStdsMix2InSynMatrix_1,5-Methylcytosine,6.44,2216532224,100333600,19541528,S,Std,NA,6.19,6.44,6.32,NA,NA,NA,NA,NA,NA
240108_Std_4uMStdsMix2InSynMatrix_2,5-Methylcytosine,6.43,2308718848,112335280,51249948,S,Std,NA,6.19,6.44,6.32,NA,NA,NA,NA,NA,NA
240108_Std_4uMStdsMix2InH2O_1,Acetylcholine,13.24,603158,53429,1624369,S,Std,NA,12.8,13.97,13.39,NA,NA,NA,NA,NA,NA
240108_Std_4uMStdsMix2InH2O_2,Acetylcholine,13.55,2090873,235231,1809613,S,Std,NA,12.8,13.97,13.39,NA,NA,NA,NA,NA,NA
240108_Std_4uMStdsMix2InSynMatrix_1,Acetylcholine,13.97,2069312,178566,4232826,S,Std,NA,12.8,13.97,13.39,NA,NA,NA,NA,NA,NA
240108_Std_4uMStdsMix2InSynMatrix_2,Acetylcholine,12.8,107180448,2237064,9268702,S,Std,NA,12.8,13.97,13.39,NA,NA,NA,NA,NA,NA
240108_Std_4uMStdsMix1InH2O_1,Adenine,5.19,6404635136,290142144,115805128,S,Std,NA,5.16,5.22,5.195,NA,NA,NA,NA,NA,NA
240108_Std_4uMStdsMix1InH2O_2,Adenine,5.16,11263833088,521867232,220226816,S,Std,NA,5.16,5.22,5.195,NA,NA,NA,NA,NA,NA
240108_Std_4uMStdsMix1InSynMatrix_1,Adenine,5.22,10455629824,462921056,197562304,S,Std,NA,5.16,5.22,5.195,NA,NA,NA,NA,NA,NA
240108_Std_4uMStdsMix1InSynMatrix_2,Adenine,5.21,10165411840,429732480,191247184,S,Std,NA,5.16,5.22,5.195,NA,NA,NA,NA,NA,NA
240108_Std_4uMStdsMix2InH2O_1,Adenosine,4.9,2938855936,95709640,32067120,S,Std,NA,4.9,4.98,4.952500000000001,NA,NA,NA,NA,NA,NA
240108_Std_4uMStdsMix2InH2O_2,Adenosine,4.98,5405713920,162774320,71660968,S,Std,NA,4.9,4.98,4.952500000000001,NA,NA,NA,NA,NA,NA
240108_Std_4uMStdsMix2InSynMatrix_1,Adenosine,4.95,5559215104,168245232,56710400,S,Std,NA,4.9,4.98,4.952500000000001,NA,NA,NA,NA,NA,NA
240108_Std_4uMStdsMix2InSynMatrix_2,Adenosine,4.98,5504672256,161312240,16942326,S,Std,NA,4.9,4.98,4.952500000000001,NA,NA,NA,NA,NA,NA
240108_Std_4uMStdsMix2InH2O_1,Anserine,10.67,357650208,22513546,5650243,S,Std,NA,10.37,10.67,10.5425,NA,NA,NA,NA,NA,NA
240108_Std_4uMStdsMix2InH2O_2,Anserine,10.37,543559360,36446124,0,S,Std,NA,10.37,10.67,10.5425,NA,NA,NA,NA,NA,NA
240108_Std_4uMStdsMix2InSynMatrix_1,Anserine,10.6,328076864,27826372,0,S,Std,NA,10.37,10.67,10.5425,NA,NA,NA,NA,NA,NA
240108_Std_4uMStdsMix2InSynMatrix_2,Anserine,10.53,424319264,32781662,0,S,Std,NA,10.37,10.67,10.5425,NA,NA,NA,NA,NA,NA
240108_Std_4uMStdsMix1InH2O_1,Arsenobetaine,7.73,11501729792,686996608,131642616,S,Std,NA,7.71,7.73,7.7225,NA,NA,NA,NA,NA,NA
240108_Std_4uMStdsMix1InH2O_2,Arsenobetaine,7.71,16449369088,976886976,212824880,S,Std,NA,7.71,7.73,7.7225,NA,NA,NA,NA,NA,NA
240108_Std_4uMStdsMix1InSynMatrix_1,Arsenobetaine,7.73,13787023360,821017408,163745024,S,Std,NA,7.71,7.73,7.7225,NA,NA,NA,NA,NA,NA
240108_Std_4uMStdsMix1InSynMatrix_2,Arsenobetaine,7.72,14379955200,834915776,185031216,S,Std,NA,7.71,7.73,7.7225,NA,NA,NA,NA,NA,NA
240108_Std_4uMStdsMix1InH2O_1,Betonicine,9.02,8224585728,579099968,109598432,S,Std,NA,9,9.05,9.025,NA,NA,NA,NA,NA,NA
240108_Std_4uMStdsMix1InH2O_2,Betonicine,9.03,12644717568,866851584,161389264,S,Std,NA,9,9.05,9.025,NA,NA,NA,NA,NA,NA
240108_Std_4uMStdsMix1InSynMatrix_1,Betonicine,9,12090894336,839561792,152004304,S,Std,NA,9,9.05,9.025,NA,NA,NA,NA,NA,NA
240108_Std_4uMStdsMix1InSynMatrix_2,Betonicine,9.05,12512169984,860278720,147016976,S,Std,NA,9,9.05,9.025,NA,NA,NA,NA,NA,NA
240108_Std_4uMStdsMix1InH2O_1,Butyrylcarnitine,4.9,8892003328,181280224,72387608,S,Std,NA,4.9,4.98,4.955,NA,NA,NA,NA,NA,NA
240108_Std_4uMStdsMix1InH2O_2,Butyrylcarnitine,4.96,15562519552,319085152,134780976,S,Std,NA,4.9,4.98,4.955,NA,NA,NA,NA,NA,NA
240108_Std_4uMStdsMix1InSynMatrix_1,Butyrylcarnitine,4.98,14577985536,308335936,182836560,S,Std,NA,4.9,4.98,4.955,NA,NA,NA,NA,NA,NA
240108_Std_4uMStdsMix1InSynMatrix_2,Butyrylcarnitine,4.98,15297586176,327183744,195285120,S,Std,NA,4.9,4.98,4.955,NA,NA,NA,NA,NA,NA
240108_Std_4uMStdsMix1InH2O_1,Carnitine,10.13,2948115968,221586816,26582006,S,Std,NA,10.13,10.16,10.145,NA,NA,NA,NA,NA,NA
240108_Std_4uMStdsMix1InH2O_2,Carnitine,10.14,4089497856,323346624,45798444,S,Std,NA,10.13,10.16,10.145,NA,NA,NA,NA,NA,NA
240108_Std_4uMStdsMix1InSynMatrix_1,Carnitine,10.16,3396743424,251502240,33068310,S,Std,NA,10.13,10.16,10.145,NA,NA,NA,NA,NA,NA
240108_Std_4uMStdsMix1InSynMatrix_2,Carnitine,10.15,3528362496,262457680,44626824,S,Std,NA,10.13,10.16,10.145,NA,NA,NA,NA,NA,NA
240108_Std_4uMStdsMix2InH2O_1,Carnosine,12.11,311439456,19435492,73873,S,Std,NA,11.77,12.11,11.905,NA,NA,NA,NA,NA,NA
240108_Std_4uMStdsMix2InH2O_2,Carnosine,11.86,241558336,12721593,0,S,Std,NA,11.77,12.11,11.905,NA,NA,NA,NA,NA,NA
240108_Std_4uMStdsMix2InSynMatrix_1,Carnosine,11.88,503464544,37038724,10696652,S,Std,NA,11.77,12.11,11.905,NA,NA,NA,NA,NA,NA
240108_Std_4uMStdsMix2InSynMatrix_2,Carnosine,11.77,955268032,71047944,1039134,S,Std,NA,11.77,12.11,11.905,NA,NA,NA,NA,NA,NA
240108_Std_4uMStdsMix2InH2O_1,Chitobiose,10,101983368,4230024,556239,S,Std,NA,10,10.04,10.0175,NA,NA,NA,NA,NA,NA
240108_Std_4uMStdsMix2InH2O_2,Chitobiose,10.02,154276288,5767578,0,S,Std,NA,10,10.04,10.0175,NA,NA,NA,NA,NA,NA
240108_Std_4uMStdsMix2InSynMatrix_1,Chitobiose,10.04,52817800,2829190,11524539,S,Std,NA,10,10.04,10.0175,NA,NA,NA,NA,NA,NA
240108_Std_4uMStdsMix2InSynMatrix_2,Chitobiose,10.01,64931936,3505937,13266295,S,Std,NA,10,10.04,10.0175,NA,NA,NA,NA,NA,NA
240108_Std_4uMStdsMix1InH2O_1,Choline,14.81,5545955328,220736928,84196184,S,Std,NA,14.81,16.19,15.245000000000001,NA,NA,NA,NA,NA,NA
240108_Std_4uMStdsMix1InH2O_2,Choline,16.19,6406187520,216855312,96514848,S,Std,NA,14.81,16.19,15.245000000000001,NA,NA,NA,NA,NA,NA
240108_Std_4uMStdsMix1InSynMatrix_1,Choline,14.81,5479321600,128555376,51793608,S,Std,NA,14.81,16.19,15.245000000000001,NA,NA,NA,NA,NA,NA
240108_Std_4uMStdsMix1InSynMatrix_2,Choline,15.17,5148150272,110485456,49932080,S,Std,NA,14.81,16.19,15.245000000000001,NA,NA,NA,NA,NA,NA
240108_Std_4uMStdsMix1InH2O_1,Choline sulfate,7.39,952311168,61182492,8236581,S,Std,NA,7.38,7.41,7.3975,NA,NA,NA,NA,NA,NA
240108_Std_4uMStdsMix1InH2O_2,Choline sulfate,7.41,2191223040,123739624,25985258,S,Std,NA,7.38,7.41,7.3975,NA,NA,NA,NA,NA,NA
240108_Std_4uMStdsMix1InSynMatrix_1,Choline sulfate,7.41,2033058816,120224848,18127008,S,Std,NA,7.38,7.41,7.3975,NA,NA,NA,NA,NA,NA
240108_Std_4uMStdsMix1InSynMatrix_2,Choline sulfate,7.38,2281812224,129590704,7194969,S,Std,NA,7.38,7.41,7.3975,NA,NA,NA,NA,NA,NA
240108_Std_4uMStdsMix1InH2O_1,Citrulline,12.49,255924176,20515808,3910508,S,Std,NA,12.28,12.49,12.3675,NA,NA,NA,NA,NA,NA
240108_Std_4uMStdsMix1InH2O_2,Citrulline,12.35,223303408,16707842,559758,S,Std,NA,12.28,12.49,12.3675,NA,NA,NA,NA,NA,NA
240108_Std_4uMStdsMix1InSynMatrix_1,Citrulline,12.35,336983456,26158512,0,S,Std,NA,12.28,12.49,12.3675,NA,NA,NA,NA,NA,NA
240108_Std_4uMStdsMix1InSynMatrix_2,Citrulline,12.28,536739392,40604436,7255265,S,Std,NA,12.28,12.49,12.3675,NA,NA,NA,NA,NA,NA
240108_Std_4uMStdsMix1InH2O_1,Creatine,11.42,3367422720,274431712,51833228,S,Std,NA,11.4,11.42,11.4075,NA,NA,NA,NA,NA,NA
240108_Std_4uMStdsMix1InH2O_2,Creatine,11.4,5961905152,507707328,98870032,S,Std,NA,11.4,11.42,11.4075,NA,NA,NA,NA,NA,NA
240108_Std_4uMStdsMix1InSynMatrix_1,Creatine,11.41,5763883520,490838400,62977144,S,Std,NA,11.4,11.42,11.4075,NA,NA,NA,NA,NA,NA
240108_Std_4uMStdsMix1InSynMatrix_2,Creatine,11.4,6107929088,522169056,57029900,S,Std,NA,11.4,11.42,11.4075,NA,NA,NA,NA,NA,NA
240108_Std_4uMStdsMix1InH2O_1,Creatinine,5.58,4576974336,212891872,53593124,S,Std,NA,5.52,5.58,5.5575,NA,NA,NA,NA,NA,NA
240108_Std_4uMStdsMix1InH2O_2,Creatinine,5.52,8940934144,380857824,96256960,S,Std,NA,5.52,5.58,5.5575,NA,NA,NA,NA,NA,NA
240108_Std_4uMStdsMix1InSynMatrix_1,Creatinine,5.57,7945573376,368704256,74645536,S,Std,NA,5.52,5.58,5.5575,NA,NA,NA,NA,NA,NA
240108_Std_4uMStdsMix1InSynMatrix_2,Creatinine,5.56,8404886528,383201184,79095144,S,Std,NA,5.52,5.58,5.5575,NA,NA,NA,NA,NA,NA
240108_Std_4uMStdsMix1InH2O_1,"Cys-Gly, oxidized",12.15,59598944,2991227,0,S,Std,NA,11.6,12.15,11.842500000000001,NA,NA,NA,NA,NA,NA
240108_Std_4uMStdsMix1InH2O_2,"Cys-Gly, oxidized",11.82,78966600,3296291,0,S,Std,NA,11.6,12.15,11.842500000000001,NA,NA,NA,NA,NA,NA
240108_Std_4uMStdsMix1InSynMatrix_1,"Cys-Gly, oxidized",11.8,93826600,3598343,0,S,Std,NA,11.6,12.15,11.842500000000001,NA,NA,NA,NA,NA,NA
240108_Std_4uMStdsMix1InSynMatrix_2,"Cys-Gly, oxidized",11.6,145801296,5707159,0,S,Std,NA,11.6,12.15,11.842500000000001,NA,NA,NA,NA,NA,NA
240108_Std_4uMStdsMix2InH2O_1,Cytidine,8.66,392333504,25793392,2608601,S,Std,NA,8.64,8.66,8.6475,NA,NA,NA,NA,NA,NA
240108_Std_4uMStdsMix2InH2O_2,Cytidine,8.64,815734272,50592676,9304037,S,Std,NA,8.64,8.66,8.6475,NA,NA,NA,NA,NA,NA
240108_Std_4uMStdsMix2InSynMatrix_1,Cytidine,8.64,601371968,38381456,6226366,S,Std,NA,8.64,8.66,8.6475,NA,NA,NA,NA,NA,NA
240108_Std_4uMStdsMix2InSynMatrix_2,Cytidine,8.65,797668288,51027856,7095753,S,Std,NA,8.64,8.66,8.6475,NA,NA,NA,NA,NA,NA
240108_Std_4uMStdsMix2InH2O_1,Cytosine,7.46,3423722240,239269744,46716632,S,Std,NA,7.46,7.5,7.475,NA,NA,NA,NA,NA,NA
240108_Std_4uMStdsMix2InH2O_2,Cytosine,7.47,6010880000,393203328,65511560,S,Std,NA,7.46,7.5,7.475,NA,NA,NA,NA,NA,NA
240108_Std_4uMStdsMix2InSynMatrix_1,Cytosine,7.47,5720822784,379441984,63715424,S,Std,NA,7.46,7.5,7.475,NA,NA,NA,NA,NA,NA
240108_Std_4uMStdsMix2InSynMatrix_2,Cytosine,7.5,5937967104,393474656,53092540,S,Std,NA,7.46,7.5,7.475,NA,NA,NA,NA,NA,NA
240108_Std_4uMStdsMix1InH2O_1,Deoxyadenosine,3.85,3950554624,126560208,39832200,S,Std,NA,3.78,3.87,3.8375,NA,NA,NA,NA,NA,NA
240108_Std_4uMStdsMix1InH2O_2,Deoxyadenosine,3.87,7531424768,233981952,81689104,S,Std,NA,3.78,3.87,3.8375,NA,NA,NA,NA,NA,NA
240108_Std_4uMStdsMix1InSynMatrix_1,Deoxyadenosine,3.85,7082538496,225703808,75104240,S,Std,NA,3.78,3.87,3.8375,NA,NA,NA,NA,NA,NA
240108_Std_4uMStdsMix1InSynMatrix_2,Deoxyadenosine,3.78,6893729280,212907168,73013152,S,Std,NA,3.78,3.87,3.8375,NA,NA,NA,NA,NA,NA
240108_Std_4uMStdsMix1InH2O_1,Dimethylglycine,8.84,2032458752,155250000,307033344,S,Std,NA,8.71,8.84,8.76,NA,NA,NA,NA,NA,NA
240108_Std_4uMStdsMix1InH2O_2,Dimethylglycine,8.71,3668515584,282670432,407262496,S,Std,NA,8.71,8.84,8.76,NA,NA,NA,NA,NA,NA
240108_Std_4uMStdsMix1InSynMatrix_1,Dimethylglycine,8.76,3468598784,204419248,495104352,S,Std,NA,8.71,8.84,8.76,NA,NA,NA,NA,NA,NA
240108_Std_4uMStdsMix1InSynMatrix_2,Dimethylglycine,8.73,3909000704,223786016,453720704,S,Std,NA,8.71,8.84,8.76,NA,NA,NA,NA,NA,NA
240108_Std_4uMStdsMix1InH2O_1,Dimethylsulfonioacetate,8.95,4216260608,329050400,61147340,S,Std,NA,8.94,8.97,8.955,NA,NA,NA,NA,NA,NA
240108_Std_4uMStdsMix1InH2O_2,Dimethylsulfonioacetate,8.94,6775458816,513548288,88172384,S,Std,NA,8.94,8.97,8.955,NA,NA,NA,NA,NA,NA
240108_Std_4uMStdsMix1InSynMatrix_1,Dimethylsulfonioacetate,8.97,6452857344,464883296,82023024,S,Std,NA,8.94,8.97,8.955,NA,NA,NA,NA,NA,NA
240108_Std_4uMStdsMix1InSynMatrix_2,Dimethylsulfonioacetate,8.96,6796812800,520814464,80667336,S,Std,NA,8.94,8.97,8.955,NA,NA,NA,NA,NA,NA
240108_Std_4uMStdsMix2InH2O_1,Dimethylsulfoniopropionate,10.2,4700173312,391868704,38145772,S,Std,NA,10.19,10.23,10.205,NA,NA,NA,NA,NA,NA
240108_Std_4uMStdsMix2InH2O_2,Dimethylsulfoniopropionate,10.19,8183580672,705158976,116204064,S,Std,NA,10.19,10.23,10.205,NA,NA,NA,NA,NA,NA
240108_Std_4uMStdsMix2InSynMatrix_1,Dimethylsulfoniopropionate,10.2,5649422336,463291328,63258352,S,Std,NA,10.19,10.23,10.205,NA,NA,NA,NA,NA,NA
240108_Std_4uMStdsMix2InSynMatrix_2,Dimethylsulfoniopropionate,10.23,6168498176,496763904,52275336,S,Std,NA,10.19,10.23,10.205,NA,NA,NA,NA,NA,NA
240108_Std_4uMStdsMix2InH2O_1,Dimethylsulfoxonium propionate,10.52,1793333504,152011552,21171802,S,Std,NA,10.52,10.6,10.555,NA,NA,NA,NA,NA,NA
240108_Std_4uMStdsMix2InH2O_2,Dimethylsulfoxonium propionate,10.54,3452681472,281616672,22308204,S,Std,NA,10.52,10.6,10.555,NA,NA,NA,NA,NA,NA
240108_Std_4uMStdsMix2InSynMatrix_1,Dimethylsulfoxonium propionate,10.6,2287339776,190231360,21040032,S,Std,NA,10.52,10.6,10.555,NA,NA,NA,NA,NA,NA
240108_Std_4uMStdsMix2InSynMatrix_2,Dimethylsulfoxonium propionate,10.56,3042298368,274658464,29542898,S,Std,NA,10.52,10.6,10.555,NA,NA,NA,NA,NA,NA
240108_Std_4uMStdsMix2InH2O_1,Ectoine,9.94,8629031936,688981568,107638192,S,Std,NA,9.92,9.94,9.9275,NA,NA,NA,NA,NA,NA
240108_Std_4uMStdsMix2InH2O_2,Ectoine,9.92,10736157696,806836288,96826072,S,Std,NA,9.92,9.94,9.9275,NA,NA,NA,NA,NA,NA
240108_Std_4uMStdsMix2InSynMatrix_1,Ectoine,9.93,8403201536,627558016,99310728,S,Std,NA,9.92,9.94,9.9275,NA,NA,NA,NA,NA,NA
240108_Std_4uMStdsMix2InSynMatrix_2,Ectoine,9.92,8986601472,685221248,110238504,S,Std,NA,9.92,9.94,9.9275,NA,NA,NA,NA,NA,NA
240108_Std_4uMStdsMix2InH2O_1,Ergothioneine,11.43,219579808,15753186,3440779,S,Std,NA,11.4,11.44,11.42,NA,NA,NA,NA,NA,NA
240108_Std_4uMStdsMix2InH2O_2,Ergothioneine,11.44,217812160,14156329,1925858,S,Std,NA,11.4,11.44,11.42,NA,NA,NA,NA,NA,NA
240108_Std_4uMStdsMix2InSynMatrix_1,Ergothioneine,11.41,915385984,63499312,11275696,S,Std,NA,11.4,11.44,11.42,NA,NA,NA,NA,NA,NA
240108_Std_4uMStdsMix2InSynMatrix_2,Ergothioneine,11.4,1198118784,77647032,16081970,S,Std,NA,11.4,11.44,11.42,NA,NA,NA,NA,NA,NA
240108_Std_4uMStdsMix1InH2O_1,Ethanolamine,14.68,214649136,6838106,112935392,S,Std,NA,14.68,14.91,14.815,NA,NA,NA,NA,NA,NA
240108_Std_4uMStdsMix1InH2O_2,Ethanolamine,14.84,247277280,7341448,214596016,S,Std,NA,14.68,14.91,14.815,NA,NA,NA,NA,NA,NA
240108_Std_4uMStdsMix1InSynMatrix_1,Ethanolamine,14.83,234493872,6738501,76419176,S,Std,NA,14.68,14.91,14.815,NA,NA,NA,NA,NA,NA
240108_Std_4uMStdsMix1InSynMatrix_2,Ethanolamine,14.91,373622496,6861495,125270672,S,Std,NA,14.68,14.91,14.815,NA,NA,NA,NA,NA,NA
240108_Std_4uMStdsMix1InH2O_1,Glucosamine,10.84,94420896,5789525,6895828,S,Std,NA,10.66,10.84,10.72,NA,NA,NA,NA,NA,NA
240108_Std_4uMStdsMix1InH2O_2,Glucosamine,10.66,262733584,14775194,0,S,Std,NA,10.66,10.84,10.72,NA,NA,NA,NA,NA,NA
240108_Std_4uMStdsMix1InSynMatrix_1,Glucosamine,10.71,156065744,9723274,0,S,Std,NA,10.66,10.84,10.72,NA,NA,NA,NA,NA,NA
240108_Std_4uMStdsMix1InSynMatrix_2,Glucosamine,10.67,210340544,13271314,0,S,Std,NA,10.66,10.84,10.72,NA,NA,NA,NA,NA,NA
240108_Std_4uMStdsMix2InH2O_1,Glutamylphenylalanine,9.26,280798304,17365126,1507542,S,Std,NA,9.03,9.35,9.23,NA,NA,NA,NA,NA,NA
240108_Std_4uMStdsMix2InH2O_2,Glutamylphenylalanine,9.03,588180416,34242948,4235901,S,Std,NA,9.03,9.35,9.23,NA,NA,NA,NA,NA,NA
240108_Std_4uMStdsMix2InSynMatrix_1,Glutamylphenylalanine,9.35,562050496,31938418,8550775,S,Std,NA,9.03,9.35,9.23,NA,NA,NA,NA,NA,NA
240108_Std_4uMStdsMix2InSynMatrix_2,Glutamylphenylalanine,9.28,623080064,39819528,15453333,S,Std,NA,9.03,9.35,9.23,NA,NA,NA,NA,NA,NA
240108_Std_4uMStdsMix1InH2O_1,Glutathione,12.05,35526024,2632455,0,S,Std,NA,11.85,12.05,11.945,NA,NA,NA,NA,NA,NA
240108_Std_4uMStdsMix1InH2O_2,Glutathione,11.94,50899044,3182088,589495,S,Std,NA,11.85,12.05,11.945,NA,NA,NA,NA,NA,NA
240108_Std_4uMStdsMix1InSynMatrix_1,Glutathione,11.94,24805068,1589104,0,S,Std,NA,11.85,12.05,11.945,NA,NA,NA,NA,NA,NA
240108_Std_4uMStdsMix1InSynMatrix_2,Glutathione,11.85,15540661,1082664,0,S,Std,NA,11.85,12.05,11.945,NA,NA,NA,NA,NA,NA
240108_Std_4uMStdsMix2InH2O_1,Glutathione disulfide,14.55,25967026,1596991,0,S,Std,NA,14.3,14.55,14.412500000000001,NA,NA,NA,NA,NA,NA
240108_Std_4uMStdsMix2InH2O_2,Glutathione disulfide,14.46,18780684,1077607,0,S,Std,NA,14.3,14.55,14.412500000000001,NA,NA,NA,NA,NA,NA
240108_Std_4uMStdsMix2InSynMatrix_1,Glutathione disulfide,14.34,14985398,634778,0,S,Std,NA,14.3,14.55,14.412500000000001,NA,NA,NA,NA,NA,NA
240108_Std_4uMStdsMix2InSynMatrix_2,Glutathione disulfide,14.3,15611916,774775,0,S,Std,NA,14.3,14.55,14.412500000000001,NA,NA,NA,NA,NA,NA
240108_Std_4uMStdsMix1InH2O_1,Glycerophosphocholine,10.89,5542473,436107,0,S,Std,NA,10.89,10.91,10.8975,NA,NA,NA,NA,NA,NA
240108_Std_4uMStdsMix1InH2O_2,Glycerophosphocholine,10.89,8033984,724896,560436,S,Std,NA,10.89,10.91,10.8975,NA,NA,NA,NA,NA,NA
240108_Std_4uMStdsMix1InSynMatrix_1,Glycerophosphocholine,10.9,7031682,536226,38792,S,Std,NA,10.89,10.91,10.8975,NA,NA,NA,NA,NA,NA
240108_Std_4uMStdsMix1InSynMatrix_2,Glycerophosphocholine,10.91,14710343,1497924,0,S,Std,NA,10.89,10.91,10.8975,NA,NA,NA,NA,NA,NA
240108_Std_4uMStdsMix1InH2O_1,Glycine,12.21,11773031,933972,0,S,Std,NA,12.05,12.21,12.13,NA,NA,NA,NA,NA,NA
240108_Std_4uMStdsMix1InH2O_2,Glycine,12.12,17072748,1124786,0,S,Std,NA,12.05,12.21,12.13,NA,NA,NA,NA,NA,NA
240108_Std_4uMStdsMix1InSynMatrix_1,Glycine,12.14,13712783,1096964,0,S,Std,NA,12.05,12.21,12.13,NA,NA,NA,NA,NA,NA
240108_Std_4uMStdsMix1InSynMatrix_2,Glycine,12.05,20872444,1718493,163899,S,Std,NA,12.05,12.21,12.13,NA,NA,NA,NA,NA,NA
240108_Std_4uMStdsMix2InH2O_1,Glycine betaine,7.88,8856286208,580487744,734176448,S,Std,NA,7.86,7.88,7.875,NA,NA,NA,NA,NA,NA
240108_Std_4uMStdsMix2InH2O_2,Glycine betaine,7.88,14079424512,875645760,1022733760,S,Std,NA,7.86,7.88,7.875,NA,NA,NA,NA,NA,NA
240108_Std_4uMStdsMix2InSynMatrix_1,Glycine betaine,7.86,112253665280,5578123264,1729473280,S,Std,NA,7.86,7.88,7.875,NA,NA,NA,NA,NA,NA
240108_Std_4uMStdsMix2InSynMatrix_2,Glycine betaine,7.88,112126353408,5397440512,2199166976,S,Std,NA,7.86,7.88,7.875,NA,NA,NA,NA,NA,NA
240108_Std_4uMStdsMix1InH2O_1,Gonyol,11.22,552575040,43826260,6073623,S,Std,NA,11.22,11.25,11.24,NA,NA,NA,NA,NA,NA
240108_Std_4uMStdsMix1InH2O_2,Gonyol,11.24,769500736,61076276,12734932,S,Std,NA,11.22,11.25,11.24,NA,NA,NA,NA,NA,NA
240108_Std_4uMStdsMix1InSynMatrix_1,Gonyol,11.25,719525696,58024312,8412194,S,Std,NA,11.22,11.25,11.24,NA,NA,NA,NA,NA,NA
240108_Std_4uMStdsMix1InSynMatrix_2,Gonyol,11.25,753486400,61424512,9180379,S,Std,NA,11.22,11.25,11.24,NA,NA,NA,NA,NA,NA
240108_Std_4uMStdsMix2InH2O_1,Guanine,8.82,538423296,37739304,27425002,S,Std,NA,8.82,8.85,8.8375,NA,NA,NA,NA,NA,NA
240108_Std_4uMStdsMix2InH2O_2,Guanine,8.84,1181575424,81191928,75020064,S,Std,NA,8.82,8.85,8.8375,NA,NA,NA,NA,NA,NA
240108_Std_4uMStdsMix2InSynMatrix_1,Guanine,8.84,973159040,63911620,79700680,S,Std,NA,8.82,8.85,8.8375,NA,NA,NA,NA,NA,NA
240108_Std_4uMStdsMix2InSynMatrix_2,Guanine,8.85,1281617536,83677064,103530304,S,Std,NA,8.82,8.85,8.8375,NA,NA,NA,NA,NA,NA
240108_Std_4uMStdsMix2InH2O_1,Guanosine,9.55,174846288,11028167,2023001,S,Std,NA,9.55,9.55,9.55,NA,NA,NA,NA,NA,NA
240108_Std_4uMStdsMix2InH2O_2,Guanosine,9.55,359712928,22726540,4282729,S,Std,NA,9.55,9.55,9.55,NA,NA,NA,NA,NA,NA
240108_Std_4uMStdsMix2InSynMatrix_1,Guanosine,9.55,347242464,22555352,873051,S,Std,NA,9.55,9.55,9.55,NA,NA,NA,NA,NA,NA
240108_Std_4uMStdsMix2InSynMatrix_2,Guanosine,9.55,309641440,20260724,3017308,S,Std,NA,9.55,9.55,9.55,NA,NA,NA,NA,NA,NA
240108_Std_4uMStdsMix2InH2O_1,Homarine,6.16,11681134592,453145344,107200808,S,Std,NA,6.14,6.16,6.1525,NA,NA,NA,NA,NA,NA
240108_Std_4uMStdsMix2InH2O_2,Homarine,6.16,16753533952,664097920,163329520,S,Std,NA,6.14,6.16,6.1525,NA,NA,NA,NA,NA,NA
240108_Std_4uMStdsMix2InSynMatrix_1,Homarine,6.15,157697425408,4254134016,1236776448,S,Std,NA,6.14,6.16,6.1525,NA,NA,NA,NA,NA,NA
240108_Std_4uMStdsMix2InSynMatrix_2,Homarine,6.14,154987675648,4076850176,1298266368,S,Std,NA,6.14,6.16,6.1525,NA,NA,NA,NA,NA,NA
240108_Std_4uMStdsMix1InH2O_1,Homocysteine thiolactone,2.24,61247832,8266097,0,S,Std,NA,2.24,2.24,2.24,NA,NA,NA,NA,NA,NA
240108_Std_4uMStdsMix1InH2O_2,Homocysteine thiolactone,2.24,129186000,19819010,550968,S,Std,NA,2.24,2.24,2.24,NA,NA,NA,NA,NA,NA
240108_Std_4uMStdsMix1InSynMatrix_1,Homocysteine thiolactone,2.24,138299392,18899824,443495,S,Std,NA,2.24,2.24,2.24,NA,NA,NA,NA,NA,NA
240108_Std_4uMStdsMix1InSynMatrix_2,Homocysteine thiolactone,2.24,110206552,16518094,1039498,S,Std,NA,2.24,2.24,2.24,NA,NA,NA,NA,NA,NA
240108_Std_4uMStdsMix1InH2O_1,Hordenine,3.95,11116261376,373024896,164512816,S,Std,NA,3.95,4.02,4,NA,NA,NA,NA,NA,NA
240108_Std_4uMStdsMix1InH2O_2,Hordenine,4.02,14966310912,926550336,529688224,S,Std,NA,3.95,4.02,4,NA,NA,NA,NA,NA,NA
240108_Std_4uMStdsMix1InSynMatrix_1,Hordenine,4.02,13246311424,1072304000,1058251456,S,Std,NA,3.95,4.02,4,NA,NA,NA,NA,NA,NA
240108_Std_4uMStdsMix1InSynMatrix_2,Hordenine,4.01,13622728704,1352379776,1068326400,S,Std,NA,3.95,4.02,4,NA,NA,NA,NA,NA,NA
240108_Std_4uMStdsMix1InH2O_1,Hydroxyisoleucine,9.05,144007024,9063504,3864087,S,Std,NA,8.82,9.05,8.940000000000001,NA,NA,NA,NA,NA,NA
240108_Std_4uMStdsMix1InH2O_2,Hydroxyisoleucine,8.82,386471456,23142690,1246617,S,Std,NA,8.82,9.05,8.940000000000001,NA,NA,NA,NA,NA,NA
240108_Std_4uMStdsMix1InSynMatrix_1,Hydroxyisoleucine,8.96,313862112,8569641,11021060,S,Std,NA,8.82,9.05,8.940000000000001,NA,NA,NA,NA,NA,NA
240108_Std_4uMStdsMix1InSynMatrix_2,Hydroxyisoleucine,8.93,321464192,10131953,57848236,S,Std,NA,8.82,9.05,8.940000000000001,NA,NA,NA,NA,NA,NA
240108_Std_4uMStdsMix1InH2O_1,Hydroxyproline,11.3,470082752,34444432,0,S,Std,NA,11.21,11.3,11.2425,NA,NA,NA,NA,NA,NA
240108_Std_4uMStdsMix1InH2O_2,Hydroxyproline,11.21,725579904,45752484,155691,S,Std,NA,11.21,11.3,11.2425,NA,NA,NA,NA,NA,NA
240108_Std_4uMStdsMix1InSynMatrix_1,Hydroxyproline,11.25,669725632,50230176,2795817,S,Std,NA,11.21,11.3,11.2425,NA,NA,NA,NA,NA,NA
240108_Std_4uMStdsMix1InSynMatrix_2,Hydroxyproline,11.21,846708992,67514008,8931947,S,Std,NA,11.21,11.3,11.2425,NA,NA,NA,NA,NA,NA
240108_Std_4uMStdsMix2InH2O_1,Hypotaurine,11.56,2198037,146521,0,S,Std,NA,11.27,11.56,11.4,NA,NA,NA,NA,NA,NA
240108_Std_4uMStdsMix2InH2O_2,Hypotaurine,11.27,2084065,150203,0,S,Std,NA,11.27,11.56,11.4,NA,NA,NA,NA,NA,NA
240108_Std_4uMStdsMix2InSynMatrix_1,Hypotaurine,11.41,1753856,277625,0,S,Std,NA,11.27,11.56,11.4,NA,NA,NA,NA,NA,NA
240108_Std_4uMStdsMix2InSynMatrix_2,Hypotaurine,11.36,2652660,340618,0,S,Std,NA,11.27,11.56,11.4,NA,NA,NA,NA,NA,NA
240108_Std_4uMStdsMix2InH2O_1,Hypoxanthine,NA,NA,NA,NA,S,Std,NA,5.86,5.89,5.873333333333333,NA,NA,NA,NA,NA,NA
240108_Std_4uMStdsMix2InH2O_2,Hypoxanthine,5.89,122655,64652,0,S,Std,NA,5.86,5.89,5.873333333333333,NA,NA,NA,NA,NA,NA
240108_Std_4uMStdsMix2InSynMatrix_1,Hypoxanthine,5.86,2826693,565933,0,S,Std,NA,5.86,5.89,5.873333333333333,NA,NA,NA,NA,NA,NA
240108_Std_4uMStdsMix2InSynMatrix_2,Hypoxanthine,5.87,2013433,949330,0,S,Std,NA,5.86,5.89,5.873333333333333,NA,NA,NA,NA,NA,NA
240108_Std_4uMStdsMix2InH2O_1,L-2-Aminoadipic acid,10.54,1146881792,93365648,9719441,S,Std,NA,10.28,10.54,10.4325,NA,NA,NA,NA,NA,NA
240108_Std_4uMStdsMix2InH2O_2,L-2-Aminoadipic acid,10.28,2285247744,205344080,32131696,S,Std,NA,10.28,10.54,10.4325,NA,NA,NA,NA,NA,NA
240108_Std_4uMStdsMix2InSynMatrix_1,L-2-Aminoadipic acid,10.49,583391616,59937244,9324396,S,Std,NA,10.28,10.54,10.4325,NA,NA,NA,NA,NA,NA
240108_Std_4uMStdsMix2InSynMatrix_2,L-2-Aminoadipic acid,10.42,758554688,75735864,15122022,S,Std,NA,10.28,10.54,10.4325,NA,NA,NA,NA,NA,NA
240108_Std_4uMStdsMix1InH2O_1,L-Alanine,11.33,102948824,6927654,2321882,S,Std,NA,11.21,11.33,11.2625,NA,NA,NA,NA,NA,NA
240108_Std_4uMStdsMix1InH2O_2,L-Alanine,11.21,176264624,7526094,5793709,S,Std,NA,11.21,11.33,11.2625,NA,NA,NA,NA,NA,NA
240108_Std_4uMStdsMix1InSynMatrix_1,L-Alanine,11.27,855681664,75645840,10150233,S,Std,NA,11.21,11.33,11.2625,NA,NA,NA,NA,NA,NA
240108_Std_4uMStdsMix1InSynMatrix_2,L-Alanine,11.24,993591488,92728120,16303166,S,Std,NA,11.21,11.33,11.2625,NA,NA,NA,NA,NA,NA
240108_Std_4uMStdsMix1InH2O_1,L-Arginine,17.53,26240,1192,8999,S,Std,NA,17.53,18,17.765,NA,NA,NA,NA,NA,NA
240108_Std_4uMStdsMix1InH2O_2,L-Arginine,NA,NA,NA,NA,S,Std,NA,17.53,18,17.765,NA,NA,NA,NA,NA,NA
240108_Std_4uMStdsMix1InSynMatrix_1,L-Arginine,NA,NA,NA,NA,S,Std,NA,17.53,18,17.765,NA,NA,NA,NA,NA,NA
240108_Std_4uMStdsMix1InSynMatrix_2,L-Arginine,18,24834,4117,0,S,Std,NA,17.53,18,17.765,NA,NA,NA,NA,NA,NA
240108_Std_4uMStdsMix1InH2O_1,L-Arginosuccinic acid,13.83,57319164,4963466,334424,S,Std,NA,13.64,13.83,13.705,NA,NA,NA,NA,NA,NA
240108_Std_4uMStdsMix1InH2O_2,L-Arginosuccinic acid,13.68,37748304,3019614,0,S,Std,NA,13.64,13.83,13.705,NA,NA,NA,NA,NA,NA
240108_Std_4uMStdsMix1InSynMatrix_1,L-Arginosuccinic acid,13.67,51750444,4215742,0,S,Std,NA,13.64,13.83,13.705,NA,NA,NA,NA,NA,NA
240108_Std_4uMStdsMix1InSynMatrix_2,L-Arginosuccinic acid,13.64,67733744,5702194,272140,S,Std,NA,13.64,13.83,13.705,NA,NA,NA,NA,NA,NA
240108_Std_4uMStdsMix1InH2O_1,L-Asparagine,11.76,58096924,3446297,827527,S,Std,NA,11.5,11.76,11.6125,NA,NA,NA,NA,NA,NA
240108_Std_4uMStdsMix1InH2O_2,L-Asparagine,11.62,83456032,3862576,0,S,Std,NA,11.5,11.76,11.6125,NA,NA,NA,NA,NA,NA
240108_Std_4uMStdsMix1InSynMatrix_1,L-Asparagine,11.57,77948136,6014211,0,S,Std,NA,11.5,11.76,11.6125,NA,NA,NA,NA,NA,NA
240108_Std_4uMStdsMix1InSynMatrix_2,L-Asparagine,11.5,107772832,8497108,0,S,Std,NA,11.5,11.76,11.6125,NA,NA,NA,NA,NA,NA
240108_Std_4uMStdsMix1InH2O_1,L-Aspartic acid,12.51,24603240,1956734,253589,S,Std,NA,12.4,12.51,12.4725,NA,NA,NA,NA,NA,NA
240108_Std_4uMStdsMix1InH2O_2,L-Aspartic acid,12.51,30373454,1826928,109807,S,Std,NA,12.4,12.51,12.4725,NA,NA,NA,NA,NA,NA
240108_Std_4uMStdsMix1InSynMatrix_1,L-Aspartic acid,12.47,118649992,7422884,0,S,Std,NA,12.4,12.51,12.4725,NA,NA,NA,NA,NA,NA
240108_Std_4uMStdsMix1InSynMatrix_2,L-Aspartic acid,12.4,166017776,10047367,0,S,Std,NA,12.4,12.51,12.4725,NA,NA,NA,NA,NA,NA
240108_Std_4uMStdsMix2InH2O_1,L-Cystathionine,13.4,53416072,2263412,0,S,Std,NA,13.4,13.7,13.625,NA,NA,NA,NA,NA,NA
240108_Std_4uMStdsMix2InH2O_2,L-Cystathionine,13.7,23212476,714409,0,S,Std,NA,13.4,13.7,13.625,NA,NA,NA,NA,NA,NA
240108_Std_4uMStdsMix2InSynMatrix_1,L-Cystathionine,13.7,19811712,603437,0,S,Std,NA,13.4,13.7,13.625,NA,NA,NA,NA,NA,NA
240108_Std_4uMStdsMix2InSynMatrix_2,L-Cystathionine,13.7,23900752,672742,0,S,Std,NA,13.4,13.7,13.625,NA,NA,NA,NA,NA,NA
240108_Std_4uMStdsMix1InH2O_1,L-Cystine,12.85,51319724,3624553,0,S,Std,NA,12.57,12.85,12.685,NA,NA,NA,NA,NA,NA
240108_Std_4uMStdsMix1InH2O_2,L-Cystine,12.67,69776472,4403949,207784,S,Std,NA,12.57,12.85,12.685,NA,NA,NA,NA,NA,NA
240108_Std_4uMStdsMix1InSynMatrix_1,L-Cystine,12.65,65490516,4184309,0,S,Std,NA,12.57,12.85,12.685,NA,NA,NA,NA,NA,NA
240108_Std_4uMStdsMix1InSynMatrix_2,L-Cystine,12.57,102629192,5828509,0,S,Std,NA,12.57,12.85,12.685,NA,NA,NA,NA,NA,NA
240108_Std_4uMStdsMix1InH2O_1,L-Glutamic acid,12.23,96432360,8292880,2403373,S,Std,NA,11.95,12.23,12.07,NA,NA,NA,NA,NA,NA
240108_Std_4uMStdsMix1InH2O_2,L-Glutamic acid,12.06,137210784,9692525,2916686,S,Std,NA,11.95,12.23,12.07,NA,NA,NA,NA,NA,NA
240108_Std_4uMStdsMix1InSynMatrix_1,L-Glutamic acid,12.04,6567156224,543503808,55152336,S,Std,NA,11.95,12.23,12.07,NA,NA,NA,NA,NA,NA
240108_Std_4uMStdsMix1InSynMatrix_2,L-Glutamic acid,11.95,7851889152,601519872,98484176,S,Std,NA,11.95,12.23,12.07,NA,NA,NA,NA,NA,NA
240108_Std_4uMStdsMix1InH2O_1,L-Glutamine,11.71,415003040,25793734,3264226,S,Std,NA,11.36,11.71,11.502500000000001,NA,NA,NA,NA,NA,NA
240108_Std_4uMStdsMix1InH2O_2,L-Glutamine,11.47,527453312,28974746,6626645,S,Std,NA,11.36,11.71,11.502500000000001,NA,NA,NA,NA,NA,NA
240108_Std_4uMStdsMix1InSynMatrix_1,L-Glutamine,11.47,1084666752,94599808,12442523,S,Std,NA,11.36,11.71,11.502500000000001,NA,NA,NA,NA,NA,NA
240108_Std_4uMStdsMix1InSynMatrix_2,L-Glutamine,11.36,1294270464,114179536,13833844,S,Std,NA,11.36,11.71,11.502500000000001,NA,NA,NA,NA,NA,NA
240108_Std_4uMStdsMix1InH2O_1,L-Histidine,13.84,1026031936,6950713,19050926,S,Std,NA,13.84,19.23,16.535,NA,NA,NA,NA,NA,NA
240108_Std_4uMStdsMix1InH2O_2,L-Histidine,19.23,329317760,1301173,34794272,S,Std,NA,13.84,19.23,16.535,NA,NA,NA,NA,NA,NA
240108_Std_4uMStdsMix1InSynMatrix_1,L-Histidine,NA,NA,NA,NA,S,Std,NA,13.84,19.23,16.535,NA,NA,NA,NA,NA,NA
240108_Std_4uMStdsMix1InSynMatrix_2,L-Histidine,NA,NA,NA,NA,S,Std,NA,13.84,19.23,16.535,NA,NA,NA,NA,NA,NA
240108_Std_4uMStdsMix1InH2O_1,L-Homocystine,12.64,50800224,2852236,0,S,Std,NA,12.29,12.64,12.4475,NA,NA,NA,NA,NA,NA
240108_Std_4uMStdsMix1InH2O_2,L-Homocystine,12.45,61393240,3184124,1126375,S,Std,NA,12.29,12.64,12.4475,NA,NA,NA,NA,NA,NA
240108_Std_4uMStdsMix1InSynMatrix_1,L-Homocystine,12.41,59309024,3120098,0,S,Std,NA,12.29,12.64,12.4475,NA,NA,NA,NA,NA,NA
240108_Std_4uMStdsMix1InSynMatrix_2,L-Homocystine,12.29,83790096,3959523,0,S,Std,NA,12.29,12.64,12.4475,NA,NA,NA,NA,NA,NA
240108_Std_4uMStdsMix2InH2O_1,L-Homoserine,11.67,215197296,11911702,2745474,S,Std,NA,11.43,11.67,11.52,NA,NA,NA,NA,NA,NA
240108_Std_4uMStdsMix2InH2O_2,L-Homoserine,11.51,286076032,12934755,1651696,S,Std,NA,11.43,11.67,11.52,NA,NA,NA,NA,NA,NA
240108_Std_4uMStdsMix2InSynMatrix_1,L-Homoserine,11.47,332564096,26787430,13527274,S,Std,NA,11.43,11.67,11.52,NA,NA,NA,NA,NA,NA
240108_Std_4uMStdsMix2InSynMatrix_2,L-Homoserine,11.43,431821120,36193376,15052001,S,Std,NA,11.43,11.67,11.52,NA,NA,NA,NA,NA,NA
240108_Std_4uMStdsMix1InH2O_1,L-Hydroxylysine,16.92,88953360,2821700,1027731,S,Std,NA,16.83,16.97,16.8975,NA,NA,NA,NA,NA,NA
240108_Std_4uMStdsMix1InH2O_2,L-Hydroxylysine,16.97,60307200,1806546,0,S,Std,NA,16.83,16.97,16.8975,NA,NA,NA,NA,NA,NA
240108_Std_4uMStdsMix1InSynMatrix_1,L-Hydroxylysine,16.83,62697640,1881730,0,S,Std,NA,16.83,16.97,16.8975,NA,NA,NA,NA,NA,NA
240108_Std_4uMStdsMix1InSynMatrix_2,L-Hydroxylysine,16.87,82047784,2349206,0,S,Std,NA,16.83,16.97,16.8975,NA,NA,NA,NA,NA,NA
240108_Std_4uMStdsMix1InH2O_1,L-Isoleucine,7.85,345912736,20874284,5345517,S,Std,NA,7.59,7.85,7.705,NA,NA,NA,NA,NA,NA
240108_Std_4uMStdsMix1InH2O_2,L-Isoleucine,7.73,697874432,39649128,12363378,S,Std,NA,7.59,7.85,7.705,NA,NA,NA,NA,NA,NA
240108_Std_4uMStdsMix1InSynMatrix_1,L-Isoleucine,7.65,719249280,33342228,10546633,S,Std,NA,7.59,7.85,7.705,NA,NA,NA,NA,NA,NA
240108_Std_4uMStdsMix1InSynMatrix_2,L-Isoleucine,7.59,887258176,42866644,19525488,S,Std,NA,7.59,7.85,7.705,NA,NA,NA,NA,NA,NA
240108_Std_4uMStdsMix2InH2O_1,L-Leucine,7.38,281336992,15564923,696197,S,Std,NA,7.17,7.38,7.265,NA,NA,NA,NA,NA,NA
240108_Std_4uMStdsMix2InH2O_2,L-Leucine,7.24,523892896,31894700,28689084,S,Std,NA,7.17,7.38,7.265,NA,NA,NA,NA,NA,NA
240108_Std_4uMStdsMix2InSynMatrix_1,L-Leucine,7.27,780599232,37478296,8497156,S,Std,NA,7.17,7.38,7.265,NA,NA,NA,NA,NA,NA
240108_Std_4uMStdsMix2InSynMatrix_2,L-Leucine,7.17,860134656,40060380,48750196,S,Std,NA,7.17,7.38,7.265,NA,NA,NA,NA,NA,NA
240108_Std_4uMStdsMix1InH2O_1,L-Lysine,18.95,73956048,2971581,1102607,S,Std,NA,18.93,18.99,18.965,NA,NA,NA,NA,NA,NA
240108_Std_4uMStdsMix1InH2O_2,L-Lysine,18.99,47747344,1717027,0,S,Std,NA,18.93,18.99,18.965,NA,NA,NA,NA,NA,NA
240108_Std_4uMStdsMix1InSynMatrix_1,L-Lysine,18.93,67276872,2685100,0,S,Std,NA,18.93,18.99,18.965,NA,NA,NA,NA,NA,NA
240108_Std_4uMStdsMix1InSynMatrix_2,L-Lysine,18.99,81361080,2699066,0,S,Std,NA,18.93,18.99,18.965,NA,NA,NA,NA,NA,NA
240108_Std_4uMStdsMix1InH2O_1,L-Methionine,8.01,383006432,26907414,1295909,S,Std,NA,7.53,8.01,7.715,NA,NA,NA,NA,NA,NA
240108_Std_4uMStdsMix1InH2O_2,L-Methionine,7.68,800404480,50645036,10587221,S,Std,NA,7.53,8.01,7.715,NA,NA,NA,NA,NA,NA
240108_Std_4uMStdsMix1InSynMatrix_1,L-Methionine,7.64,498330784,31887218,13478611,S,Std,NA,7.53,8.01,7.715,NA,NA,NA,NA,NA,NA
240108_Std_4uMStdsMix1InSynMatrix_2,L-Methionine,7.53,667510016,40356596,26937260,S,Std,NA,7.53,8.01,7.715,NA,NA,NA,NA,NA,NA
240108_Std_4uMStdsMix1InH2O_1,L-Methionine S-oxide,10.13,290669088,21308088,4576879,S,Std,NA,9.76,10.13,10,NA,NA,NA,NA,NA,NA
240108_Std_4uMStdsMix1InH2O_2,L-Methionine S-oxide,9.76,456292640,36855836,9038497,S,Std,NA,9.76,10.13,10,NA,NA,NA,NA,NA,NA
240108_Std_4uMStdsMix1InSynMatrix_1,L-Methionine S-oxide,10.08,203485904,16281498,4494810,S,Std,NA,9.76,10.13,10,NA,NA,NA,NA,NA,NA
240108_Std_4uMStdsMix1InSynMatrix_2,L-Methionine S-oxide,10.03,217316208,15261326,25683610,S,Std,NA,9.76,10.13,10,NA,NA,NA,NA,NA,NA
240108_Std_4uMStdsMix1InH2O_1,L-Ornithine,16.92,159031600,5795142,2083903,S,Std,NA,16.88,16.97,16.915,NA,NA,NA,NA,NA,NA
240108_Std_4uMStdsMix1InH2O_2,L-Ornithine,16.97,45637696,1687943,453282,S,Std,NA,16.88,16.97,16.915,NA,NA,NA,NA,NA,NA
240108_Std_4uMStdsMix1InSynMatrix_1,L-Ornithine,16.89,49557724,2037898,655250,S,Std,NA,16.88,16.97,16.915,NA,NA,NA,NA,NA,NA
240108_Std_4uMStdsMix1InSynMatrix_2,L-Ornithine,16.88,74761696,2759008,738085,S,Std,NA,16.88,16.97,16.915,NA,NA,NA,NA,NA,NA
240108_Std_4uMStdsMix1InH2O_1,L-Proline,9.51,1245795072,97636248,15028190,S,Std,NA,9.47,9.51,9.49,NA,NA,NA,NA,NA,NA
240108_Std_4uMStdsMix1InH2O_2,L-Proline,9.47,2225151488,170673264,22414154,S,Std,NA,9.47,9.51,9.49,NA,NA,NA,NA,NA,NA
240108_Std_4uMStdsMix1InSynMatrix_1,L-Proline,9.49,1781704064,129199144,25965150,S,Std,NA,9.47,9.51,9.49,NA,NA,NA,NA,NA,NA
240108_Std_4uMStdsMix1InSynMatrix_2,L-Proline,9.49,1706964096,122244232,18878282,S,Std,NA,9.47,9.51,9.49,NA,NA,NA,NA,NA,NA
240108_Std_4uMStdsMix1InH2O_1,L-Serine,12.15,40677008,2484986,0,S,Std,NA,11.8,12.15,11.96,NA,NA,NA,NA,NA,NA
240108_Std_4uMStdsMix1InH2O_2,L-Serine,11.97,53967572,3040989,0,S,Std,NA,11.8,12.15,11.96,NA,NA,NA,NA,NA,NA
240108_Std_4uMStdsMix1InSynMatrix_1,L-Serine,11.92,96001808,8155377,470431,S,Std,NA,11.8,12.15,11.96,NA,NA,NA,NA,NA,NA
240108_Std_4uMStdsMix1InSynMatrix_2,L-Serine,11.8,131020552,11243022,2166873,S,Std,NA,11.8,12.15,11.96,NA,NA,NA,NA,NA,NA
240108_Std_4uMStdsMix1InH2O_1,L-Threonine,10.84,92451048,6330419,0,S,Std,NA,10.66,10.84,10.77,NA,NA,NA,NA,NA,NA
240108_Std_4uMStdsMix1InH2O_2,L-Threonine,10.66,138607776,8779991,0,S,Std,NA,10.66,10.84,10.77,NA,NA,NA,NA,NA,NA
240108_Std_4uMStdsMix1InSynMatrix_1,L-Threonine,10.83,175020432,13669851,2491510,S,Std,NA,10.66,10.84,10.77,NA,NA,NA,NA,NA,NA
240108_Std_4uMStdsMix1InSynMatrix_2,L-Threonine,10.75,239975168,17626578,3364026,S,Std,NA,10.66,10.84,10.77,NA,NA,NA,NA,NA,NA
240108_Std_4uMStdsMix1InH2O_1,L-Tyrosine,9.69,138868928,9806283,1356081,S,Std,NA,9.46,9.81,9.682500000000001,NA,NA,NA,NA,NA,NA
240108_Std_4uMStdsMix1InH2O_2,L-Tyrosine,9.46,341377696,23925332,1289235,S,Std,NA,9.46,9.81,9.682500000000001,NA,NA,NA,NA,NA,NA
240108_Std_4uMStdsMix1InSynMatrix_1,L-Tyrosine,9.81,264708096,12028472,0,S,Std,NA,9.46,9.81,9.682500000000001,NA,NA,NA,NA,NA,NA
240108_Std_4uMStdsMix1InSynMatrix_2,L-Tyrosine,9.77,312647040,12200827,0,S,Std,NA,9.46,9.81,9.682500000000001,NA,NA,NA,NA,NA,NA
240108_Std_4uMStdsMix1InH2O_1,L-Valine,9.02,218713232,16306408,531608256,S,Std,NA,8.83,9.12,8.969999999999999,NA,NA,NA,NA,NA,NA
240108_Std_4uMStdsMix1InH2O_2,L-Valine,9.12,292528352,18609824,836599040,S,Std,NA,8.83,9.12,8.969999999999999,NA,NA,NA,NA,NA,NA
240108_Std_4uMStdsMix1InSynMatrix_1,L-Valine,8.91,431589056,37090192,2665777408,S,Std,NA,8.83,9.12,8.969999999999999,NA,NA,NA,NA,NA,NA
240108_Std_4uMStdsMix1InSynMatrix_2,L-Valine,8.83,761034880,38033696,2920037888,S,Std,NA,8.83,9.12,8.969999999999999,NA,NA,NA,NA,NA,NA
240108_Std_4uMStdsMix1InH2O_1,Melamine,7.34,6236504064,386534144,75105896,S,Std,NA,7.32,7.35,7.34,NA,NA,NA,NA,NA,NA
240108_Std_4uMStdsMix1InH2O_2,Melamine,7.35,10212581376,582411840,142649440,S,Std,NA,7.32,7.35,7.34,NA,NA,NA,NA,NA,NA
240108_Std_4uMStdsMix1InSynMatrix_1,Melamine,7.35,9652356096,579318528,92647512,S,Std,NA,7.32,7.35,7.34,NA,NA,NA,NA,NA,NA
240108_Std_4uMStdsMix1InSynMatrix_2,Melamine,7.32,9950778368,589136000,97534240,S,Std,NA,7.32,7.35,7.34,NA,NA,NA,NA,NA,NA
240108_Std_4uMStdsMix1InH2O_1,Muramic acid,11.09,163268592,8724078,0,S,Std,NA,10.83,11.09,10.925,NA,NA,NA,NA,NA,NA
240108_Std_4uMStdsMix1InH2O_2,Muramic acid,10.83,319802240,15037207,0,S,Std,NA,10.83,11.09,10.925,NA,NA,NA,NA,NA,NA
240108_Std_4uMStdsMix1InSynMatrix_1,Muramic acid,10.93,271944768,18203820,1578462,S,Std,NA,10.83,11.09,10.925,NA,NA,NA,NA,NA,NA
240108_Std_4uMStdsMix1InSynMatrix_2,Muramic acid,10.85,410439776,27466464,2900657,S,Std,NA,10.83,11.09,10.925,NA,NA,NA,NA,NA,NA
240108_Std_4uMStdsMix2InH2O_1,N-Acetyl-D-glucosamine,8.66,97806632,3036452,614141,S,Std,NA,8.6,8.66,8.629999999999999,NA,NA,NA,NA,NA,NA
240108_Std_4uMStdsMix2InH2O_2,N-Acetyl-D-glucosamine,8.62,176120720,6191676,175787,S,Std,NA,8.6,8.66,8.629999999999999,NA,NA,NA,NA,NA,NA
240108_Std_4uMStdsMix2InSynMatrix_1,N-Acetyl-D-glucosamine,8.64,171605248,5973137,0,S,Std,NA,8.6,8.66,8.629999999999999,NA,NA,NA,NA,NA,NA
240108_Std_4uMStdsMix2InSynMatrix_2,N-Acetyl-D-glucosamine,8.6,207224800,7113537,10275684,S,Std,NA,8.6,8.66,8.629999999999999,NA,NA,NA,NA,NA,NA
240108_Std_4uMStdsMix2InH2O_1,N-Acetylmuramic acid,NA,NA,NA,NA,S,Std,NA,Inf,-Inf,NA,NA,NA,NA,NA,NA,NA
240108_Std_4uMStdsMix2InH2O_2,N-Acetylmuramic acid,NA,NA,NA,NA,S,Std,NA,Inf,-Inf,NA,NA,NA,NA,NA,NA,NA
240108_Std_4uMStdsMix2InSynMatrix_1,N-Acetylmuramic acid,NA,NA,NA,NA,S,Std,NA,Inf,-Inf,NA,NA,NA,NA,NA,NA,NA
240108_Std_4uMStdsMix2InSynMatrix_2,N-Acetylmuramic acid,NA,NA,NA,NA,S,Std,NA,Inf,-Inf,NA,NA,NA,NA,NA,NA,NA
240108_Std_4uMStdsMix1InH2O_1,N-Methyl-L-glutamic acid,10.55,1242698112,94174832,0,S,Std,NA,10.26,10.55,10.4275,NA,NA,NA,NA,NA,NA
240108_Std_4uMStdsMix1InH2O_2,N-Methyl-L-glutamic acid,10.26,2075467776,188545472,6771167,S,Std,NA,10.26,10.55,10.4275,NA,NA,NA,NA,NA,NA
240108_Std_4uMStdsMix1InSynMatrix_1,N-Methyl-L-glutamic acid,10.49,781393344,64440700,1086065,S,Std,NA,10.26,10.55,10.4275,NA,NA,NA,NA,NA,NA
240108_Std_4uMStdsMix1InSynMatrix_2,N-Methyl-L-glutamic acid,10.41,828505728,76248424,5864421,S,Std,NA,10.26,10.55,10.4275,NA,NA,NA,NA,NA,NA
240108_Std_4uMStdsMix2InH2O_1,N-Methyltaurine,9.11,171748336,12891585,0,S,Std,NA,8.53,9.11,8.754999999999999,NA,NA,NA,NA,NA,NA
240108_Std_4uMStdsMix2InH2O_2,N-Methyltaurine,8.59,421251840,29896510,226560,S,Std,NA,8.53,9.11,8.754999999999999,NA,NA,NA,NA,NA,NA
240108_Std_4uMStdsMix2InSynMatrix_1,N-Methyltaurine,8.79,367694176,12354798,16114602,S,Std,NA,8.53,9.11,8.754999999999999,NA,NA,NA,NA,NA,NA
240108_Std_4uMStdsMix2InSynMatrix_2,N-Methyltaurine,8.53,489687808,13714047,0,S,Std,NA,8.53,9.11,8.754999999999999,NA,NA,NA,NA,NA,NA
240108_Std_4uMStdsMix2InH2O_1,"N6,N6,N6-Trimethyl-L-lysine",16.77,1463212288,60603064,21560028,S,Std,NA,16.77,17.02,16.9325,NA,NA,NA,NA,NA,NA
240108_Std_4uMStdsMix2InH2O_2,"N6,N6,N6-Trimethyl-L-lysine",17,889688512,36361384,12669798,S,Std,NA,16.77,17.02,16.9325,NA,NA,NA,NA,NA,NA
240108_Std_4uMStdsMix2InSynMatrix_1,"N6,N6,N6-Trimethyl-L-lysine",16.94,1007024448,42556720,7770039,S,Std,NA,16.77,17.02,16.9325,NA,NA,NA,NA,NA,NA
240108_Std_4uMStdsMix2InSynMatrix_2,"N6,N6,N6-Trimethyl-L-lysine",17.02,1274116736,52919900,15067516,S,Std,NA,16.77,17.02,16.9325,NA,NA,NA,NA,NA,NA
240108_Std_4uMStdsMix1InH2O_1,N6-Acetyl-L-lysine,9.72,1071240064,79384592,8886839,S,Std,NA,9.57,9.79,9.715,NA,NA,NA,NA,NA,NA
240108_Std_4uMStdsMix1InH2O_2,N6-Acetyl-L-lysine,9.57,1642780928,116409128,20830644,S,Std,NA,9.57,9.79,9.715,NA,NA,NA,NA,NA,NA
240108_Std_4uMStdsMix1InSynMatrix_1,N6-Acetyl-L-lysine,9.79,749191104,52076372,0,S,Std,NA,9.57,9.79,9.715,NA,NA,NA,NA,NA,NA
240108_Std_4uMStdsMix1InSynMatrix_2,N6-Acetyl-L-lysine,9.78,771239488,48281952,13841773,S,Std,NA,9.57,9.79,9.715,NA,NA,NA,NA,NA,NA
240108_Std_4uMStdsMix2InH2O_1,N6-Methyladenine,3.52,10350058496,489705696,34323608,S,Std,NA,3.49,3.53,3.5125,NA,NA,NA,NA,NA,NA
240108_Std_4uMStdsMix2InH2O_2,N6-Methyladenine,3.49,18729275392,870325056,103656232,S,Std,NA,3.49,3.53,3.5125,NA,NA,NA,NA,NA,NA
240108_Std_4uMStdsMix2InSynMatrix_1,N6-Methyladenine,3.53,18161248256,841604416,211953520,S,Std,NA,3.49,3.53,3.5125,NA,NA,NA,NA,NA,NA
240108_Std_4uMStdsMix2InSynMatrix_2,N6-Methyladenine,3.51,19748251648,902363328,187887584,S,Std,NA,3.49,3.53,3.5125,NA,NA,NA,NA,NA,NA
240108_Std_4uMStdsMix1InH2O_1,O-Acetyl-L-serine,7.39,8873171,522001,0,S,Std,NA,6.63,7.39,6.93,NA,NA,NA,NA,NA,NA
240108_Std_4uMStdsMix1InH2O_2,O-Acetyl-L-serine,6.88,31566804,2234776,8434960,S,Std,NA,6.63,7.39,6.93,NA,NA,NA,NA,NA,NA
240108_Std_4uMStdsMix1InSynMatrix_1,O-Acetyl-L-serine,6.82,38490360,1512897,0,S,Std,NA,6.63,7.39,6.93,NA,NA,NA,NA,NA,NA
240108_Std_4uMStdsMix1InSynMatrix_2,O-Acetyl-L-serine,6.63,48636980,2003598,0,S,Std,NA,6.63,7.39,6.93,NA,NA,NA,NA,NA,NA
240108_Std_4uMStdsMix1InH2O_1,O-Acetylcarnitine,7.85,7662165504,417190176,91034088,S,Std,NA,7.85,7.87,7.8575,NA,NA,NA,NA,NA,NA
240108_Std_4uMStdsMix1InH2O_2,O-Acetylcarnitine,7.85,12630193152,662777088,103927704,S,Std,NA,7.85,7.87,7.8575,NA,NA,NA,NA,NA,NA
240108_Std_4uMStdsMix1InSynMatrix_1,O-Acetylcarnitine,7.86,10137114624,491879552,103953816,S,Std,NA,7.85,7.87,7.8575,NA,NA,NA,NA,NA,NA
240108_Std_4uMStdsMix1InSynMatrix_2,O-Acetylcarnitine,7.87,10363106304,479048320,110699688,S,Std,NA,7.85,7.87,7.8575,NA,NA,NA,NA,NA,NA
240108_Std_4uMStdsMix1InH2O_1,O-Methylmalonyl-L-carnitine,10.03,5472416256,270992928,69161296,S,Std,NA,9.72,10.03,9.9,NA,NA,NA,NA,NA,NA
240108_Std_4uMStdsMix1InH2O_2,O-Methylmalonyl-L-carnitine,9.72,8466559488,421409664,72644968,S,Std,NA,9.72,10.03,9.9,NA,NA,NA,NA,NA,NA
240108_Std_4uMStdsMix1InSynMatrix_1,O-Methylmalonyl-L-carnitine,9.96,5315360256,322524416,84334552,S,Std,NA,9.72,10.03,9.9,NA,NA,NA,NA,NA,NA
240108_Std_4uMStdsMix1InSynMatrix_2,O-Methylmalonyl-L-carnitine,9.89,5828420096,323423424,86802112,S,Std,NA,9.72,10.03,9.9,NA,NA,NA,NA,NA,NA
240108_Std_4uMStdsMix1InH2O_1,O-Propionylcarnitine,6.53,5240393728,158265424,48916832,S,Std,NA,6.53,6.57,6.5425,NA,NA,NA,NA,NA,NA
240108_Std_4uMStdsMix1InH2O_2,O-Propionylcarnitine,6.54,8545668096,252949216,83946280,S,Std,NA,6.53,6.57,6.5425,NA,NA,NA,NA,NA,NA
240108_Std_4uMStdsMix1InSynMatrix_1,O-Propionylcarnitine,6.53,7627322368,249716128,107727320,S,Std,NA,6.53,6.57,6.5425,NA,NA,NA,NA,NA,NA
240108_Std_4uMStdsMix1InSynMatrix_2,O-Propionylcarnitine,6.57,7874156544,267551008,132437120,S,Std,NA,6.53,6.57,6.5425,NA,NA,NA,NA,NA,NA
240108_Std_4uMStdsMix1InH2O_1,O-Succinylhomoserine,11.22,180521104,11974765,294387,S,Std,NA,10.93,11.22,11.03,NA,NA,NA,NA,NA,NA
240108_Std_4uMStdsMix1InH2O_2,O-Succinylhomoserine,10.93,320271392,18506228,0,S,Std,NA,10.93,11.22,11.03,NA,NA,NA,NA,NA,NA
240108_Std_4uMStdsMix1InSynMatrix_1,O-Succinylhomoserine,11.04,278649056,28697208,2281221,S,Std,NA,10.93,11.22,11.03,NA,NA,NA,NA,NA,NA
240108_Std_4uMStdsMix1InSynMatrix_2,O-Succinylhomoserine,10.93,401446400,40252216,1910061,S,Std,NA,10.93,11.22,11.03,NA,NA,NA,NA,NA,NA
240108_Std_4uMStdsMix1InH2O_1,Ophthalmic acid,11.25,131607552,8651242,1537816,S,Std,NA,10.91,11.25,11.045,NA,NA,NA,NA,NA,NA
240108_Std_4uMStdsMix1InH2O_2,Ophthalmic acid,10.98,249951680,14789236,0,S,Std,NA,10.91,11.25,11.045,NA,NA,NA,NA,NA,NA
240108_Std_4uMStdsMix1InSynMatrix_1,Ophthalmic acid,11.04,225467344,20270484,2480519,S,Std,NA,10.91,11.25,11.045,NA,NA,NA,NA,NA,NA
240108_Std_4uMStdsMix1InSynMatrix_2,Ophthalmic acid,10.91,314273664,29507216,4836458,S,Std,NA,10.91,11.25,11.045,NA,NA,NA,NA,NA,NA
240108_Std_4uMStdsMix2InH2O_1,Phenylethylamine,7.02,1970038400,70372120,515350240,S,Std,NA,6.98,7.02,7.0024999999999995,NA,NA,NA,NA,NA,NA
240108_Std_4uMStdsMix2InH2O_2,Phenylethylamine,6.98,3964786944,134974112,800900864,S,Std,NA,6.98,7.02,7.0024999999999995,NA,NA,NA,NA,NA,NA
240108_Std_4uMStdsMix2InSynMatrix_1,Phenylethylamine,7,3839005440,134960896,622128512,S,Std,NA,6.98,7.02,7.0024999999999995,NA,NA,NA,NA,NA,NA
240108_Std_4uMStdsMix2InSynMatrix_2,Phenylethylamine,7.01,4086835456,140076464,623864640,S,Std,NA,6.98,7.02,7.0024999999999995,NA,NA,NA,NA,NA,NA
240108_Std_4uMStdsMix1InH2O_1,Phosphocholine,12.41,396949280,22059848,3023816,S,Std,NA,12.26,12.41,12.34,NA,NA,NA,NA,NA,NA
240108_Std_4uMStdsMix1InH2O_2,Phosphocholine,12.35,444392768,22966670,8534332,S,Std,NA,12.26,12.41,12.34,NA,NA,NA,NA,NA,NA
240108_Std_4uMStdsMix1InSynMatrix_1,Phosphocholine,12.26,628112832,27311698,0,S,Std,NA,12.26,12.41,12.34,NA,NA,NA,NA,NA,NA
240108_Std_4uMStdsMix1InSynMatrix_2,Phosphocholine,12.34,797421184,30489812,0,S,Std,NA,12.26,12.41,12.34,NA,NA,NA,NA,NA,NA
240108_Std_4uMStdsMix1InH2O_1,Pipecolic acid,9.15,1391247872,103394376,6462934,S,Std,NA,9.11,9.17,9.1475,NA,NA,NA,NA,NA,NA
240108_Std_4uMStdsMix1InH2O_2,Pipecolic acid,9.11,2590161920,195927456,59059700,S,Std,NA,9.11,9.17,9.1475,NA,NA,NA,NA,NA,NA
240108_Std_4uMStdsMix1InSynMatrix_1,Pipecolic acid,9.16,2181717248,160776864,25263810,S,Std,NA,9.11,9.17,9.1475,NA,NA,NA,NA,NA,NA
240108_Std_4uMStdsMix1InSynMatrix_2,Pipecolic acid,9.17,2228381952,157806272,36800768,S,Std,NA,9.11,9.17,9.1475,NA,NA,NA,NA,NA,NA
240108_Std_4uMStdsMix1InH2O_1,Proline betaine,7.19,1579729024,86921488,25235626,S,Std,NA,7.18,7.23,7.202500000000001,NA,NA,NA,NA,NA,NA
240108_Std_4uMStdsMix1InH2O_2,Proline betaine,7.21,2096642432,115296536,50128376,S,Std,NA,7.18,7.23,7.202500000000001,NA,NA,NA,NA,NA,NA
240108_Std_4uMStdsMix1InSynMatrix_1,Proline betaine,7.18,1980723200,106209224,43113088,S,Std,NA,7.18,7.23,7.202500000000001,NA,NA,NA,NA,NA,NA
240108_Std_4uMStdsMix1InSynMatrix_2,Proline betaine,7.23,2129921024,113486400,50775676,S,Std,NA,7.18,7.23,7.202500000000001,NA,NA,NA,NA,NA,NA
240108_Std_4uMStdsMix2InH2O_1,Propylamine,15.65,114335728,3485679,4721445,S,Std,NA,15.46,16.85,15.9275,NA,NA,NA,NA,NA,NA
240108_Std_4uMStdsMix2InH2O_2,Propylamine,16.85,292761472,7487894,884441,S,Std,NA,15.46,16.85,15.9275,NA,NA,NA,NA,NA,NA
240108_Std_4uMStdsMix2InSynMatrix_1,Propylamine,15.46,339367968,6874070,4082081,S,Std,NA,15.46,16.85,15.9275,NA,NA,NA,NA,NA,NA
240108_Std_4uMStdsMix2InSynMatrix_2,Propylamine,15.75,317076000,5644035,15970170,S,Std,NA,15.46,16.85,15.9275,NA,NA,NA,NA,NA,NA
240108_Std_4uMStdsMix2InH2O_1,Riboflavin-5-phosphate,NA,NA,NA,NA,S,Std,NA,Inf,-Inf,NA,NA,NA,NA,NA,NA,NA
240108_Std_4uMStdsMix2InH2O_2,Riboflavin-5-phosphate,NA,NA,NA,NA,S,Std,NA,Inf,-Inf,NA,NA,NA,NA,NA,NA,NA
240108_Std_4uMStdsMix2InSynMatrix_1,Riboflavin-5-phosphate,NA,NA,NA,NA,S,Std,NA,Inf,-Inf,NA,NA,NA,NA,NA,NA,NA
240108_Std_4uMStdsMix2InSynMatrix_2,Riboflavin-5-phosphate,NA,NA,NA,NA,S,Std,NA,Inf,-Inf,NA,NA,NA,NA,NA,NA,NA
240108_Std_4uMStdsMix2InH2O_1,Sarcosine,10.68,298655776,26364542,5575702,S,Std,NA,10.6,10.69,10.6625,NA,NA,NA,NA,NA,NA
240108_Std_4uMStdsMix2InH2O_2,Sarcosine,10.6,402886912,33588940,5482267,S,Std,NA,10.6,10.69,10.6625,NA,NA,NA,NA,NA,NA
240108_Std_4uMStdsMix2InSynMatrix_1,Sarcosine,10.69,343290880,37721572,5123832,S,Std,NA,10.6,10.69,10.6625,NA,NA,NA,NA,NA,NA
240108_Std_4uMStdsMix2InSynMatrix_2,Sarcosine,10.68,485312704,49727536,5894806,S,Std,NA,10.6,10.69,10.6625,NA,NA,NA,NA,NA,NA
240108_Std_4uMStdsMix2InH2O_1,Sodium taurocholate,2.1,225961200,16142328,2371032,S,Std,NA,1.87,2.1,1.96,NA,NA,NA,NA,NA,NA
240108_Std_4uMStdsMix2InH2O_2,Sodium taurocholate,1.95,833044480,50782280,7992408,S,Std,NA,1.87,2.1,1.96,NA,NA,NA,NA,NA,NA
240108_Std_4uMStdsMix2InSynMatrix_1,Sodium taurocholate,1.92,712325952,43533384,5641157,S,Std,NA,1.87,2.1,1.96,NA,NA,NA,NA,NA,NA
240108_Std_4uMStdsMix2InSynMatrix_2,Sodium taurocholate,1.87,805275776,50619412,7054439,S,Std,NA,1.87,2.1,1.96,NA,NA,NA,NA,NA,NA
240108_Std_4uMStdsMix2InH2O_1,Succinylglycine,12.58,70068024,6844466,970831,S,Std,NA,12.32,12.58,12.41,NA,NA,NA,NA,NA,NA
240108_Std_4uMStdsMix2InH2O_2,Succinylglycine,12.38,123195640,11190215,567218,S,Std,NA,12.32,12.58,12.41,NA,NA,NA,NA,NA,NA
240108_Std_4uMStdsMix2InSynMatrix_1,Succinylglycine,12.36,115044496,11804157,0,S,Std,NA,12.32,12.58,12.41,NA,NA,NA,NA,NA,NA
240108_Std_4uMStdsMix2InSynMatrix_2,Succinylglycine,12.32,141781728,15111811,1587299,S,Std,NA,12.32,12.58,12.41,NA,NA,NA,NA,NA,NA
240108_Std_4uMStdsMix1InH2O_1,Taurocyamine,12.12,129040024,10483168,1201502,S,Std,NA,12.12,12.12,12.12,NA,NA,NA,NA,NA,NA
240108_Std_4uMStdsMix1InH2O_2,Taurocyamine,12.12,267885200,21824006,8641231,S,Std,NA,12.12,12.12,12.12,NA,NA,NA,NA,NA,NA
240108_Std_4uMStdsMix1InSynMatrix_1,Taurocyamine,12.12,284246112,22860264,8107583,S,Std,NA,12.12,12.12,12.12,NA,NA,NA,NA,NA,NA
240108_Std_4uMStdsMix1InSynMatrix_2,Taurocyamine,12.12,336848864,28069174,3740456,S,Std,NA,12.12,12.12,12.12,NA,NA,NA,NA,NA,NA
240108_Std_4uMStdsMix1InH2O_1,Thiamine diphosphate,13.11,5371144,279751,5477665,S,Std,NA,13.11,14.02,13.7375,NA,NA,NA,NA,NA,NA
240108_Std_4uMStdsMix1InH2O_2,Thiamine diphosphate,13.94,33969824,876622,0,S,Std,NA,13.11,14.02,13.7375,NA,NA,NA,NA,NA,NA
240108_Std_4uMStdsMix1InSynMatrix_1,Thiamine diphosphate,13.88,27995660,839775,0,S,Std,NA,13.11,14.02,13.7375,NA,NA,NA,NA,NA,NA
240108_Std_4uMStdsMix1InSynMatrix_2,Thiamine diphosphate,14.02,30459722,998530,0,S,Std,NA,13.11,14.02,13.7375,NA,NA,NA,NA,NA,NA
240108_Std_4uMStdsMix1InH2O_1,Thiamine monophosphate,11.73,115033776,6893442,0,S,Std,NA,11.63,11.73,11.6775,NA,NA,NA,NA,NA,NA
240108_Std_4uMStdsMix1InH2O_2,Thiamine monophosphate,11.72,143340112,8272895,1847969,S,Std,NA,11.63,11.73,11.6775,NA,NA,NA,NA,NA,NA
240108_Std_4uMStdsMix1InSynMatrix_1,Thiamine monophosphate,11.63,154161440,6926604,0,S,Std,NA,11.63,11.73,11.6775,NA,NA,NA,NA,NA,NA
240108_Std_4uMStdsMix1InSynMatrix_2,Thiamine monophosphate,11.63,214096848,9205213,0,S,Std,NA,11.63,11.73,11.6775,NA,NA,NA,NA,NA,NA
240108_Std_4uMStdsMix1InH2O_1,Toxopyrimidine,3.43,5074651648,252122928,64226124,S,Std,NA,3.39,3.43,3.4050000000000002,NA,NA,NA,NA,NA,NA
240108_Std_4uMStdsMix1InH2O_2,Toxopyrimidine,3.39,7523936768,362546944,86446888,S,Std,NA,3.39,3.43,3.4050000000000002,NA,NA,NA,NA,NA,NA
240108_Std_4uMStdsMix1InSynMatrix_1,Toxopyrimidine,3.4,7758709760,379568320,103388624,S,Std,NA,3.39,3.43,3.4050000000000002,NA,NA,NA,NA,NA,NA
240108_Std_4uMStdsMix1InSynMatrix_2,Toxopyrimidine,3.4,8166515200,394437312,79087648,S,Std,NA,3.39,3.43,3.4050000000000002,NA,NA,NA,NA,NA,NA
240108_Std_4uMStdsMix1InH2O_1,Trigonelline,8.4,891134720,61266468,9248962,S,Std,NA,8.37,8.42,8.4,NA,NA,NA,NA,NA,NA
240108_Std_4uMStdsMix1InH2O_2,Trigonelline,8.41,1399290624,101852176,17401712,S,Std,NA,8.37,8.42,8.4,NA,NA,NA,NA,NA,NA
240108_Std_4uMStdsMix1InSynMatrix_1,Trigonelline,8.37,4129859072,140876960,245623584,S,Std,NA,8.37,8.42,8.4,NA,NA,NA,NA,NA,NA
240108_Std_4uMStdsMix1InSynMatrix_2,Trigonelline,8.42,4195932672,144999984,287437184,S,Std,NA,8.37,8.42,8.4,NA,NA,NA,NA,NA,NA
240108_Std_4uMStdsMix1InH2O_1,Trimethylamine,6.98,78683512,4556939,3883642,S,Std,NA,6.82,6.98,6.87,NA,NA,NA,NA,NA,NA
240108_Std_4uMStdsMix1InH2O_2,Trimethylamine,6.84,77287544,4370157,0,S,Std,NA,6.82,6.98,6.87,NA,NA,NA,NA,NA,NA
240108_Std_4uMStdsMix1InSynMatrix_1,Trimethylamine,6.82,80282280,4481611,0,S,Std,NA,6.82,6.98,6.87,NA,NA,NA,NA,NA,NA
240108_Std_4uMStdsMix1InSynMatrix_2,Trimethylamine,6.84,84662888,4057059,0,S,Std,NA,6.82,6.98,6.87,NA,NA,NA,NA,NA,NA
240108_Std_4uMStdsMix2InH2O_1,Trimethylamine N-oxide,7.38,2259057664,134169072,23794054,S,Std,NA,7.36,7.39,7.3725000000000005,NA,NA,NA,NA,NA,NA
240108_Std_4uMStdsMix2InH2O_2,Trimethylamine N-oxide,7.36,2739033088,155941888,31391008,S,Std,NA,7.36,7.39,7.3725000000000005,NA,NA,NA,NA,NA,NA
240108_Std_4uMStdsMix2InSynMatrix_1,Trimethylamine N-oxide,7.39,2553695232,145190896,16667030,S,Std,NA,7.36,7.39,7.3725000000000005,NA,NA,NA,NA,NA,NA
240108_Std_4uMStdsMix2InSynMatrix_2,Trimethylamine N-oxide,7.36,2692664576,148429728,21679710,S,Std,NA,7.36,7.39,7.3725000000000005,NA,NA,NA,NA,NA,NA
240108_Std_4uMStdsMix1InH2O_1,Urea,6.41,79396216,5505138,17905654,S,Std,NA,6.41,6.46,6.4375,NA,NA,NA,NA,NA,NA
240108_Std_4uMStdsMix1InH2O_2,Urea,6.43,171348288,12657726,33585912,S,Std,NA,6.41,6.46,6.4375,NA,NA,NA,NA,NA,NA
240108_Std_4uMStdsMix1InSynMatrix_1,Urea,6.45,104401472,8639650,0,S,Std,NA,6.41,6.46,6.4375,NA,NA,NA,NA,NA,NA
240108_Std_4uMStdsMix1InSynMatrix_2,Urea,6.46,101208176,8107956,0,S,Std,NA,6.41,6.46,6.4375,NA,NA,NA,NA,NA,NA
240108_Std_4uMStdsMix2InH2O_1,beta-Alanine,11.99,188102704,15243225,5219974,S,Std,NA,11.89,11.99,11.935,NA,NA,NA,NA,NA,NA
240108_Std_4uMStdsMix2InH2O_2,beta-Alanine,11.94,283424352,22096532,7414987,S,Std,NA,11.89,11.99,11.935,NA,NA,NA,NA,NA,NA
240108_Std_4uMStdsMix2InSynMatrix_1,beta-Alanine,11.92,361191200,33241284,16729548,S,Std,NA,11.89,11.99,11.935,NA,NA,NA,NA,NA,NA
240108_Std_4uMStdsMix2InSynMatrix_2,beta-Alanine,11.89,409472352,34847420,21807386,S,Std,NA,11.89,11.99,11.935,NA,NA,NA,NA,NA,NA
240108_Std_4uMStdsMix2InH2O_1,beta-Alaninebetaine,9.94,5903867392,460110016,62244140,S,Std,NA,9.92,9.94,9.93,NA,NA,NA,NA,NA,NA
240108_Std_4uMStdsMix2InH2O_2,beta-Alaninebetaine,9.93,9213422592,685306368,108679248,S,Std,NA,9.92,9.94,9.93,NA,NA,NA,NA,NA,NA
240108_Std_4uMStdsMix2InSynMatrix_1,beta-Alaninebetaine,9.93,7190606848,532218304,69841296,S,Std,NA,9.92,9.94,9.93,NA,NA,NA,NA,NA,NA
240108_Std_4uMStdsMix2InSynMatrix_2,beta-Alaninebetaine,9.92,7742086656,562079936,81237392,S,Std,NA,9.92,9.94,9.93,NA,NA,NA,NA,NA,NA
240108_Std_4uMStdsMix2InH2O_1,beta-Glutamic acid,11.88,244742496,19703014,3976960,S,Std,NA,11.71,12.04,11.895,NA,NA,NA,NA,NA,NA
240108_Std_4uMStdsMix2InH2O_2,beta-Glutamic acid,11.71,317815904,19666410,4055165,S,Std,NA,11.71,12.04,11.895,NA,NA,NA,NA,NA,NA
240108_Std_4uMStdsMix2InSynMatrix_1,beta-Glutamic acid,12.04,5999194624,507977280,207905504,S,Std,NA,11.71,12.04,11.895,NA,NA,NA,NA,NA,NA
240108_Std_4uMStdsMix2InSynMatrix_2,beta-Glutamic acid,11.95,7057116672,541166592,278684384,S,Std,NA,11.71,12.04,11.895,NA,NA,NA,NA,NA,NA
